Workbook
Name Slicer_manager: #N/A
Name Slicer_regional_office: #N/A

Sheet Graphs
R5: KPI
R6: Total Opporunies : 1985
R7: Won Opportunties :1196
R8: Lost Opportunties : 789
R9: Win Rate : 60%
R10: Best Sales : Darcell Schedel
R11: Best Quarter : Q3
X16: ٍ

Sheet pivot table 
A1: deal_stage | B1: Won
B3: Column Labels
B4: 2017 | F4: 2017 Total | G4: Grand Total
B5: Qtr4 | C5: Qtr3 | D5: Qtr2 | E5: Qtr1
A6: Count of opportunity_id | B6: 1196 | C6: 1257 | D6: 1254 | E6: 531 | F6: 4238 | G6: 4238
A17: Count of opportunity_id | B17: Column Labels
B18: 2017 | F18: 2017 Total | G18: Grand Total
A19: Row Labels | B19: Qtr4 | C19: Qtr3 | D19: Qtr2 | E19: Qtr1
A20: Lost | B20: 0.39748111 | C20: 0.38593063 | D20: 0.38287402 | E20: 0.17928903 | F20: 0.36849948 | G20: 0.36849948
A21: Won | B21: 0.60251889 | C21: 0.61406937 | D21: 0.61712598 | E21: 0.82071097 | F21: 0.63150052 | G21: 0.63150052
A22: Grand Total | B22: 1 | C22: 1 | D22: 1 | E22: 1 | F22: 1 | G22: 1
A30: deal_stage | B30: Won
A32: Count of opportunity_id | B32: Column Labels
B33: 2017 | F33: 2017 Total | G33: Grand Total
A34: Row Labels | B34: Qtr4 | C34: Qtr3 | D34: Qtr2 | E34: Qtr1
A35: Donn Cantrell | B35: 37 | C35: 58 | D35: 44 | E35: 19 | F35: 158 | G35: 158
A36: Cassey Cress | B36: 39 | C36: 53 | D36: 48 | E36: 23 | F36: 163 | G36: 163
A37: Reed Clapper | B37: 38 | C37: 49 | D37: 49 | E37: 19 | F37: 155 | G37: 155
A38: Corliss Cosme | B38: 43 | C38: 48 | D38: 36 | E38: 23 | F38: 150 | G38: 150
A39: Violet Mclelland | B39: 35 | C39: 36 | D39: 34 | E39: 17 | F39: 122 | G39: 122
A40: Boris Faz | B40: 34 | C40: 31 | D40: 29 | E40: 7 | F40: 101 | G40: 101
A41: Daniell Hammack | B41: 27 | C41: 29 | D41: 47 | E41: 11 | F41: 114 | G41: 114
A42: Garret Kinder | B42: 16 | C42: 24 | D42: 22 | E42: 13 | F42: 75 | G42: 75
A43: Rosie Papadopoulos | B43: 21 | C43: 23 | D43: 26 | E43: 8 | F43: 78 | G43: 78
A44: Wilburn Farren | B44: 22 | C44: 16 | D44: 14 | E44: 3 | F44: 55 | G44: 55
A45: Grand Total | B45: 312 | C45: 367 | D45: 349 | E45: 143 | F45: 1171 | G45: 1171

Sheet sales_pipeline
A1: opportunity_id | B1: sales_agent | C1: manager | D1: regional_office | E1: product | F1: account | G1: deal_stage | H1: engage_date | I1: close_date | J1: close_value
A2: 1C1I7A6R | B2: Moses Frase | C2: =_xlfn.XLOOKUP(B2, [1]sales_teams!$A$2:$A$100, [1]sales_teams!$B$2:$B$100) -> Dustin Brinkmann | D2: =_xlfn.XLOOKUP($B2,sales_teams!$A$2:$A$36,sales_teams!C$2:C$36) -> Central | E2: GTX Plus Basic | F2: Cancity | G2: Won | H2: 42663 | I2: 42795 | J2: 1054
A3: Z063OYW0 | B3: Darcel Schlecht | C3: =_xlfn.XLOOKUP(B3, [1]sales_teams!$A$2:$A$100, [1]sales_teams!$B$2:$B$100) -> Melvin Marxen | D3: =_xlfn.XLOOKUP($B3,sales_teams!$A$2:$A$36,sales_teams!C$2:C$36) -> Central | E3: GTXPro | F3: Isdom | G3: Won | H3: 42668 | I3: 42805 | J3: 4514
A4: EC4QE1BX | B4: Darcel Schlecht | C4: =_xlfn.XLOOKUP(B4, [1]sales_teams!$A$2:$A$100, [1]sales_teams!$B$2:$B$100) -> Melvin Marxen | D4: =_xlfn.XLOOKUP($B4,sales_teams!$A$2:$A$36,sales_teams!C$2:C$36) -> Central | E4: MG Special | F4: Cancity | G4: Won | H4: 42668 | I4: 42801 | J4: 50
A5: MV1LWRNH | B5: Moses Frase | C5: =_xlfn.XLOOKUP(B5, [1]sales_teams!$A$2:$A$100, [1]sales_teams!$B$2:$B$100) -> Dustin Brinkmann | D5: =_xlfn.XLOOKUP($B5,sales_teams!$A$2:$A$36,sales_teams!C$2:C$36) -> Central | E5: GTX Basic | F5: Codehow | G5: Won | H5: 42668 | I5: 42803 | J5: 588
A6: PE84CX4O | B6: Zane Levy | C6: =_xlfn.XLOOKUP(B6, [1]sales_teams!$A$2:$A$100, [1]sales_teams!$B$2:$B$100) -> Summer Sewald | D6: =_xlfn.XLOOKUP($B6,sales_teams!$A$2:$A$36,sales_teams!C$2:C$36) -> West | E6: GTX Basic | F6: Hatfan | G6: Won | H6: 42668 | I6: 42796 | J6: 517
A7: ZNBS69V1 | B7: Anna Snelling | C7: =_xlfn.XLOOKUP(B7, [1]sales_teams!$A$2:$A$100, [1]sales_teams!$B$2:$B$100) -> Dustin Brinkmann | D7: =_xlfn.XLOOKUP($B7,sales_teams!$A$2:$A$36,sales_teams!C$2:C$36) -> Central | E7: MG Special | F7: Ron-tech | G7: Won | H7: 42672 | I7: 42795 | J7: 49
A8: 9ME3374G | B8: Vicki Laflamme | C8: =_xlfn.XLOOKUP(B8, [1]sales_teams!$A$2:$A$100, [1]sales_teams!$B$2:$B$100) -> Celia Rouche | D8: =_xlfn.XLOOKUP($B8,sales_teams!$A$2:$A$36,sales_teams!C$2:C$36) -> West | E8: MG Special | F8: J-Texon | G8: Won | H8: 42673 | I8: 42796 | J8: 57
A9: 7GN8Q4LL | B9: Markita Hansen | C9: =_xlfn.XLOOKUP(B9, [1]sales_teams!$A$2:$A$100, [1]sales_teams!$B$2:$B$100) -> Celia Rouche | D9: =_xlfn.XLOOKUP($B9,sales_teams!$A$2:$A$36,sales_teams!C$2:C$36) -> West | E9: GTX Basic | F9: Cheers | G9: Won | H9: 42675 | I9: 42801 | J9: 601
A10: OLK9LKZB | B10: Niesha Huffines | C10: =_xlfn.XLOOKUP(B10, [1]sales_teams!$A$2:$A$100, [1]sales_teams!$B$2:$B$100) -> Melvin Marxen | D10: =_xlfn.XLOOKUP($B10,sales_teams!$A$2:$A$36,sales_teams!C$2:C$36) -> Central | E10: GTX Plus Basic | F10: Zumgoity | G10: Won | H10: 42675 | I10: 42797 | J10: 1026
A11: HAXMC4IX | B11: James Ascencio | C11: =_xlfn.XLOOKUP(B11, [1]sales_teams!$A$2:$A$100, [1]sales_teams!$B$2:$B$100) -> Summer Sewald | D11: =_xlfn.XLOOKUP($B11,sales_teams!$A$2:$A$36,sales_teams!C$2:C$36) -> West | E11: MG Advanced | G11: Engaging | H11: 42677
A12: NL3JZH1Z | B12: Anna Snelling | C12: =_xlfn.XLOOKUP(B12, [1]sales_teams!$A$2:$A$100, [1]sales_teams!$B$2:$B$100) -> Dustin Brinkmann | D12: =_xlfn.XLOOKUP($B12,sales_teams!$A$2:$A$36,sales_teams!C$2:C$36) -> Central | E12: MG Special | F12: Bioholding | G12: Won | H12: 42678 | I12: 42804 | J12: 53
A13: KWVA7VR1 | B13: Gladys Colclough | C13: =_xlfn.XLOOKUP(B13, [1]sales_teams!$A$2:$A$100, [1]sales_teams!$B$2:$B$100) -> Melvin Marxen | D13: =_xlfn.XLOOKUP($B13,sales_teams!$A$2:$A$36,sales_teams!C$2:C$36) -> Central | E13: GTXPro | F13: Genco Pura Olive Oil Company | G13: Lost | H13: 42678 | I13: 42812 | J13: 0
A14: S8DX3XOU | B14: James Ascencio | C14: =_xlfn.XLOOKUP(B14, [1]sales_teams!$A$2:$A$100, [1]sales_teams!$B$2:$B$100) -> Summer Sewald | D14: =_xlfn.XLOOKUP($B14,sales_teams!$A$2:$A$36,sales_teams!C$2:C$36) -> West | E14: GTX Plus Pro | F14: Sunnamplex | G14: Won | H14: 42678 | I14: 42804 | J14: 5169
A15: ENB2XD8G | B15: Maureen Marcano | C15: =_xlfn.XLOOKUP(B15, [1]sales_teams!$A$2:$A$100, [1]sales_teams!$B$2:$B$100) -> Summer Sewald | D15: =_xlfn.XLOOKUP($B15,sales_teams!$A$2:$A$36,sales_teams!C$2:C$36) -> West | E15: GTX Plus Pro | F15: Sonron | G15: Won | H15: 42678 | I15: 42800 | J15: 4631
A16: 09YE9QOV | B16: Hayden Neloms | C16: =_xlfn.XLOOKUP(B16, [1]sales_teams!$A$2:$A$100, [1]sales_teams!$B$2:$B$100) -> Celia Rouche | D16: =_xlfn.XLOOKUP($B16,sales_teams!$A$2:$A$36,sales_teams!C$2:C$36) -> West | E16: MG Advanced | F16: Finjob | G16: Won | H16: 42679 | I16: 42805 | J16: 3393
A17: 3F5MZNEH | B17: Rosalina Dieter | C17: =_xlfn.XLOOKUP(B17, [1]sales_teams!$A$2:$A$100, [1]sales_teams!$B$2:$B$100) -> Celia Rouche | D17: =_xlfn.XLOOKUP($B17,sales_teams!$A$2:$A$36,sales_teams!C$2:C$36) -> West | E17: MG Special | F17: Sonron | G17: Lost | H17: 42679 | I17: 42797 | J17: 0
A18: M6WEJXC0 | B18: Rosalina Dieter | C18: =_xlfn.XLOOKUP(B18, [1]sales_teams!$A$2:$A$100, [1]sales_teams!$B$2:$B$100) -> Celia Rouche | D18: =_xlfn.XLOOKUP($B18,sales_teams!$A$2:$A$36,sales_teams!C$2:C$36) -> West | E18: MG Advanced | F18: Scotfind | G18: Won | H18: 42679 | I18: 42800 | J18: 3284
A19: 6PTR7VBR | B19: Versie Hillebrand | C19: =_xlfn.XLOOKUP(B19, [1]sales_teams!$A$2:$A$100, [1]sales_teams!$B$2:$B$100) -> Dustin Brinkmann | D19: =_xlfn.XLOOKUP($B19,sales_teams!$A$2:$A$36,sales_teams!C$2:C$36) -> Central | E19: MG Special | F19: Treequote | G19: Won | H19: 42680 | I19: 42799 | J19: 61
A20: 902REDPA | B20: Daniell Hammack | C20: =_xlfn.XLOOKUP(B20, [1]sales_teams!$A$2:$A$100, [1]sales_teams!$B$2:$B$100) -> Rocco Neubert | D20: =_xlfn.XLOOKUP($B20,sales_teams!$A$2:$A$36,sales_teams!C$2:C$36) -> East | E20: GTXPro | F20: Xx-zobam | G20: Lost | H20: 42681 | I20: 42803 | J20: 0
A21: 5J9CMGDV | B21: Elease Gluck | C21: =_xlfn.XLOOKUP(B21, [1]sales_teams!$A$2:$A$100, [1]sales_teams!$B$2:$B$100) -> Celia Rouche | D21: =_xlfn.XLOOKUP($B21,sales_teams!$A$2:$A$36,sales_teams!C$2:C$36) -> West | E21: MG Special | F21: Rantouch | G21: Won | H21: 42681 | I21: 42802 | J21: 46
A22: JJXRR8R6 | B22: James Ascencio | C22: =_xlfn.XLOOKUP(B22, [1]sales_teams!$A$2:$A$100, [1]sales_teams!$B$2:$B$100) -> Summer Sewald | D22: =_xlfn.XLOOKUP($B22,sales_teams!$A$2:$A$36,sales_teams!C$2:C$36) -> West | E22: GTX Plus Pro | F22: Fasehatice | G22: Lost | H22: 42681 | I22: 42811 | J22: 0
A23: WF4HA5NW | B23: Moses Frase | C23: =_xlfn.XLOOKUP(B23, [1]sales_teams!$A$2:$A$100, [1]sales_teams!$B$2:$B$100) -> Dustin Brinkmann | D23: =_xlfn.XLOOKUP($B23,sales_teams!$A$2:$A$36,sales_teams!C$2:C$36) -> Central | E23: MG Special | F23: Ron-tech | G23: Won | H23: 42681 | I23: 42812 | J23: 50
... A26: SBCR987L | B26: Kami Bicknell | C26: =_xlfn.XLOOKUP(B26, [1]sales_teams!$A$2:$A$100, [1]sales_teams!$B$2:$B$100) -> Summer Sewald | D26: =_xlfn.XLOOKUP($B26,sales_teams!$A$2:$A$36,sales_teams!C$2:C$36) -> West | E26: GTX Basic | F26: Zoomit | G26: Won | H26: 42684 | I26: 42817 | J26: 590
A27: UP409DSB | B27: Maureen Marcano | C27: =_xlfn.XLOOKUP(B27, [1]sales_teams!$A$2:$A$100, [1]sales_teams!$B$2:$B$100) -> Summer Sewald | D27: =_xlfn.XLOOKUP($B27,sales_teams!$A$2:$A$36,sales_teams!C$2:C$36) -> West | E27: MG Advanced | F27: Ganjaflex | G27: Engaging | H27: 42684
A28: JSD4APT2 | B28: Versie Hillebrand | C28: =_xlfn.XLOOKUP(B28, [1]sales_teams!$A$2:$A$100, [1]sales_teams!$B$2:$B$100) -> Dustin Brinkmann | D28: =_xlfn.XLOOKUP($B28,sales_teams!$A$2:$A$36,sales_teams!C$2:C$36) -> Central | E28: MG Special | F28: Bioholding | G28: Won | H28: 42684 | I28: 42806 | J28: 61
A29: AO9Z2D17 | B29: Violet Mclelland | C29: =_xlfn.XLOOKUP(B29, [1]sales_teams!$A$2:$A$100, [1]sales_teams!$B$2:$B$100) -> Cara Losch | D29: =_xlfn.XLOOKUP($B29,sales_teams!$A$2:$A$36,sales_teams!C$2:C$36) -> East | E29: GTX Plus Pro | F29: Xx-zobam | G29: Lost | H29: 42684 | I29: 42805 | J29: 0
A30: 5M58DTJK | B30: Elease Gluck | C30: =_xlfn.XLOOKUP(B30, [1]sales_teams!$A$2:$A$100, [1]sales_teams!$B$2:$B$100) -> Celia Rouche | D30: =_xlfn.XLOOKUP($B30,sales_teams!$A$2:$A$36,sales_teams!C$2:C$36) -> West | E30: MG Special | F30: Cheers | G30: Won | H30: 42685 | I30: 42799 | J30: 58
A31: KNY1OSAB | B31: Maureen Marcano | C31: =_xlfn.XLOOKUP(B31, [1]sales_teams!$A$2:$A$100, [1]sales_teams!$B$2:$B$100) -> Summer Sewald | D31: =_xlfn.XLOOKUP($B31,sales_teams!$A$2:$A$36,sales_teams!C$2:C$36) -> West | E31: GTXPro | F31: Labdrill | G31: Won | H31: 42685 | I31: 42808 | J31: 4899
A32: EAZDUUM9 | B32: Rosie Papadopoulos | C32: =_xlfn.XLOOKUP(B32, [1]sales_teams!$A$2:$A$100, [1]sales_teams!$B$2:$B$100) -> Cara Losch | D32: =_xlfn.XLOOKUP($B32,sales_teams!$A$2:$A$36,sales_teams!C$2:C$36) -> East | E32: MG Advanced | F32: Zotware | G32: Lost | H32: 42685 | I32: 42795 | J32: 0
A33: 2STUSOFE | B33: Versie Hillebrand | C33: =_xlfn.XLOOKUP(B33, [1]sales_teams!$A$2:$A$100, [1]sales_teams!$B$2:$B$100) -> Dustin Brinkmann | D33: =_xlfn.XLOOKUP($B33,sales_teams!$A$2:$A$36,sales_teams!C$2:C$36) -> Central | E33: MG Special | F33: dambase | G33: Won | H33: 42685 | I33: 42797 | J33: 67
A34: JYKM0B00 | B34: James Ascencio | C34: =_xlfn.XLOOKUP(B34, [1]sales_teams!$A$2:$A$100, [1]sales_teams!$B$2:$B$100) -> Summer Sewald | D34: =_xlfn.XLOOKUP($B34,sales_teams!$A$2:$A$36,sales_teams!C$2:C$36) -> West | E34: GTXPro | F34: Xx-holding | G34: Won | H34: 42686 | I34: 42800 | J34: 4338
A35: KU28360J | B35: Kary Hendrixson | C35: =_xlfn.XLOOKUP(B35, [1]sales_teams!$A$2:$A$100, [1]sales_teams!$B$2:$B$100) -> Summer Sewald | D35: =_xlfn.XLOOKUP($B35,sales_teams!$A$2:$A$36,sales_teams!C$2:C$36) -> West | E35: GTX Basic | F35: Fasehatice | G35: Won | H35: 42686 | I35: 42813 | J35: 578
A36: N4SD17JR | B36: Reed Clapper | C36: =_xlfn.XLOOKUP(B36, [1]sales_teams!$A$2:$A$100, [1]sales_teams!$B$2:$B$100) -> Rocco Neubert | D36: =_xlfn.XLOOKUP($B36,sales_teams!$A$2:$A$36,sales_teams!C$2:C$36) -> East | E36: GTX Basic | F36: Acme Corporation | G36: Won | H36: 42686 | I36: 42795 | J36: 556
A37: E67P9Y3Q | B37: Rosalina Dieter | C37: =_xlfn.XLOOKUP(B37, [1]sales_teams!$A$2:$A$100, [1]sales_teams!$B$2:$B$100) -> Celia Rouche | D37: =_xlfn.XLOOKUP($B37,sales_teams!$A$2:$A$36,sales_teams!C$2:C$36) -> West | E37: GTX Basic | F37: Green-Plus | G37: Won | H37: 42686 | I37: 42797 | J37: 635
A38: AT3MMVIS | B38: Wilburn Farren | C38: =_xlfn.XLOOKUP(B38, [1]sales_teams!$A$2:$A$100, [1]sales_teams!$B$2:$B$100) -> Cara Losch | D38: =_xlfn.XLOOKUP($B38,sales_teams!$A$2:$A$36,sales_teams!C$2:C$36) -> East | E38: MG Advanced | F38: The New York Inquirer | G38: Won | H38: 42686 | I38: 42801 | J38: 3045
A39: REJ11LRY | B39: Garret Kinder | C39: =_xlfn.XLOOKUP(B39, [1]sales_teams!$A$2:$A$100, [1]sales_teams!$B$2:$B$100) -> Cara Losch | D39: =_xlfn.XLOOKUP($B39,sales_teams!$A$2:$A$36,sales_teams!C$2:C$36) -> East | E39: GTX Plus Basic | F39: Mathtouch | G39: Won | H39: 42687 | I39: 42808 | J39: 1233
... A43: CZVN09WN | B43: Darcel Schlecht | C43: =_xlfn.XLOOKUP(B43, [1]sales_teams!$A$2:$A$100, [1]sales_teams!$B$2:$B$100) -> Melvin Marxen | D43: =_xlfn.XLOOKUP($B43,sales_teams!$A$2:$A$36,sales_teams!C$2:C$36) -> Central | E43: GTX Plus Basic | F43: Konmatfix | G43: Won | H43: 42688 | I43: 42814 | J43: 1170
A44: EG7OFLFR | B44: Kami Bicknell | C44: =_xlfn.XLOOKUP(B44, [1]sales_teams!$A$2:$A$100, [1]sales_teams!$B$2:$B$100) -> Summer Sewald | D44: =_xlfn.XLOOKUP($B44,sales_teams!$A$2:$A$36,sales_teams!C$2:C$36) -> West | E44: GTX Basic | G44: Engaging | H44: 42688
A45: 30UQWUKB | B45: Marty Freudenburg | C45: =_xlfn.XLOOKUP(B45, [1]sales_teams!$A$2:$A$100, [1]sales_teams!$B$2:$B$100) -> Melvin Marxen | D45: =_xlfn.XLOOKUP($B45,sales_teams!$A$2:$A$36,sales_teams!C$2:C$36) -> Central | E45: GTX Plus Basic | F45: Genco Pura Olive Oil Company | G45: Won | H45: 42689 | I45: 42814 | J45: 1162
A46: OLVI7L8M | B46: Cassey Cress | C46: =_xlfn.XLOOKUP(B46, [1]sales_teams!$A$2:$A$100, [1]sales_teams!$B$2:$B$100) -> Rocco Neubert | D46: =_xlfn.XLOOKUP($B46,sales_teams!$A$2:$A$36,sales_teams!C$2:C$36) -> East | E46: GTXPro | G46: Engaging | H46: 42690
A47: 97UN20YY | B47: Darcel Schlecht | C47: =_xlfn.XLOOKUP(B47, [1]sales_teams!$A$2:$A$100, [1]sales_teams!$B$2:$B$100) -> Melvin Marxen | D47: =_xlfn.XLOOKUP($B47,sales_teams!$A$2:$A$36,sales_teams!C$2:C$36) -> Central | E47: MG Advanced | F47: Conecom | G47: Won | H47: 42690 | I47: 42808 | J47: 3725
A48: JXLERZ9O | B48: Kary Hendrixson | C48: =_xlfn.XLOOKUP(B48, [1]sales_teams!$A$2:$A$100, [1]sales_teams!$B$2:$B$100) -> Summer Sewald | D48: =_xlfn.XLOOKUP($B48,sales_teams!$A$2:$A$36,sales_teams!C$2:C$36) -> West | E48: GTX Basic | F48: Golddex | G48: Won | H48: 42690 | I48: 42825 | J48: 559
A49: 6ROE69W5 | B49: Rosalina Dieter | C49: =_xlfn.XLOOKUP(B49, [1]sales_teams!$A$2:$A$100, [1]sales_teams!$B$2:$B$100) -> Celia Rouche | D49: =_xlfn.XLOOKUP($B49,sales_teams!$A$2:$A$36,sales_teams!C$2:C$36) -> West | E49: GTX Basic | F49: Plexzap | G49: Lost | H49: 42690 | I49: 42805 | J49: 0
A50: 0DFXFKT7 | B50: Darcel Schlecht | C50: =_xlfn.XLOOKUP(B50, [1]sales_teams!$A$2:$A$100, [1]sales_teams!$B$2:$B$100) -> Melvin Marxen | D50: =_xlfn.XLOOKUP($B50,sales_teams!$A$2:$A$36,sales_teams!C$2:C$36) -> Central | E50: GTX Plus Basic | F50: Rundofase | G50: Lost | H50: 42691 | I50: 42815 | J50: 0
A51: XKMZVSN4 | B51: James Ascencio | C51: =_xlfn.XLOOKUP(B51, [1]sales_teams!$A$2:$A$100, [1]sales_teams!$B$2:$B$100) -> Summer Sewald | D51: =_xlfn.XLOOKUP($B51,sales_teams!$A$2:$A$36,sales_teams!C$2:C$36) -> West | E51: GTX Plus Pro | F51: Sonron | G51: Won | H51: 42691 | I51: 42799 | J51: 4667
A52: IU8V0BZK | B52: Marty Freudenburg | C52: =_xlfn.XLOOKUP(B52, [1]sales_teams!$A$2:$A$100, [1]sales_teams!$B$2:$B$100) -> Melvin Marxen | D52: =_xlfn.XLOOKUP($B52,sales_teams!$A$2:$A$36,sales_teams!C$2:C$36) -> Central | E52: GTX Plus Basic | F52: Finhigh | G52: Won | H52: 42691 | I52: 42811 | J52: 903
A53: XY42936P | B53: Maureen Marcano | C53: =_xlfn.XLOOKUP(B53, [1]sales_teams!$A$2:$A$100, [1]sales_teams!$B$2:$B$100) -> Summer Sewald | D53: =_xlfn.XLOOKUP($B53,sales_teams!$A$2:$A$36,sales_teams!C$2:C$36) -> West | E53: GTX Plus Basic | F53: Finjob | G53: Won | H53: 42691 | I53: 42807 | J53: 1180
A54: XRN54MBM | B54: Niesha Huffines | C54: =_xlfn.XLOOKUP(B54, [1]sales_teams!$A$2:$A$100, [1]sales_teams!$B$2:$B$100) -> Melvin Marxen | D54: =_xlfn.XLOOKUP($B54,sales_teams!$A$2:$A$36,sales_teams!C$2:C$36) -> Central | E54: GTX Basic | F54: Ron-tech | G54: Won | H54: 42691 | I54: 42799 | J54: 487
A55: 2V848WZD | B55: Lajuana Vencill | C55: =_xlfn.XLOOKUP(B55, [1]sales_teams!$A$2:$A$100, [1]sales_teams!$B$2:$B$100) -> Dustin Brinkmann | D55: =_xlfn.XLOOKUP($B55,sales_teams!$A$2:$A$36,sales_teams!C$2:C$36) -> Central | E55: MG Advanced | F55: Stanredtax | G55: Won | H55: 42692 | I55: 42798 | J55: 3180
A56: ONYNTUCG | B56: Darcel Schlecht | C56: =_xlfn.XLOOKUP(B56, [1]sales_teams!$A$2:$A$100, [1]sales_teams!$B$2:$B$100) -> Melvin Marxen | D56: =_xlfn.XLOOKUP($B56,sales_teams!$A$2:$A$36,sales_teams!C$2:C$36) -> Central | E56: GTXPro | F56: Funholding | G56: Lost | H56: 42693 | I56: 42811 | J56: 0
A57: HIOHX80Y | B57: Darcel Schlecht | C57: =_xlfn.XLOOKUP(B57, [1]sales_teams!$A$2:$A$100, [1]sales_teams!$B$2:$B$100) -> Melvin Marxen | D57: =_xlfn.XLOOKUP($B57,sales_teams!$A$2:$A$36,sales_teams!C$2:C$36) -> Central | E57: MG Advanced | F57: Gogozoom | G57: Won | H57: 42693 | I57: 42812 | J57: 3563
A58: F5U1ACDD | B58: Kami Bicknell | C58: =_xlfn.XLOOKUP(B58, [1]sales_teams!$A$2:$A$100, [1]sales_teams!$B$2:$B$100) -> Summer Sewald | D58: =_xlfn.XLOOKUP($B58,sales_teams!$A$2:$A$36,sales_teams!C$2:C$36) -> West | E58: GTX Plus Basic | G58: Engaging | H58: 42693
A59: LPKT07PV | B59: Boris Faz | C59: =_xlfn.XLOOKUP(B59, [1]sales_teams!$A$2:$A$100, [1]sales_teams!$B$2:$B$100) -> Rocco Neubert | D59: =_xlfn.XLOOKUP($B59,sales_teams!$A$2:$A$36,sales_teams!C$2:C$36) -> East | E59: GTXPro | F59: Opentech | G59: Won | H59: 42694 | I59: 42817 | J59: 4704
A60: WPB2SLIG | B60: Donn Cantrell | C60: =_xlfn.XLOOKUP(B60, [1]sales_teams!$A$2:$A$100, [1]sales_teams!$B$2:$B$100) -> Rocco Neubert | D60: =_xlfn.XLOOKUP($B60,sales_teams!$A$2:$A$36,sales_teams!C$2:C$36) -> East | E60: GTX Plus Pro | F60: Silis | G60: Won | H60: 42694 | I60: 42808 | J60: 5585
A61: XUSUEAV7 | B61: Elease Gluck | C61: =_xlfn.XLOOKUP(B61, [1]sales_teams!$A$2:$A$100, [1]sales_teams!$B$2:$B$100) -> Celia Rouche | D61: =_xlfn.XLOOKUP($B61,sales_teams!$A$2:$A$36,sales_teams!C$2:C$36) -> West | E61: GTK 500 | F61: Zoomit | G61: Won | H61: 42694 | I61: 42803 | J61: 25897
A62: ZZY4516R | B62: Hayden Neloms | C62: =_xlfn.XLOOKUP(B62, [1]sales_teams!$A$2:$A$100, [1]sales_teams!$B$2:$B$100) -> Celia Rouche | D62: =_xlfn.XLOOKUP($B62,sales_teams!$A$2:$A$36,sales_teams!C$2:C$36) -> West | E62: MG Advanced | G62: Engaging | H62: 42694
A63: 3TYPII47 | B63: Kami Bicknell | C63: =_xlfn.XLOOKUP(B63, [1]sales_teams!$A$2:$A$100, [1]sales_teams!$B$2:$B$100) -> Summer Sewald | D63: =_xlfn.XLOOKUP($B63,sales_teams!$A$2:$A$36,sales_teams!C$2:C$36) -> West | E63: GTX Plus Basic | F63: Goodsilron | G63: Won | H63: 42694 | I63: 42797 | J63: 1207
A64: 7WAX8Z8O | B64: Lajuana Vencill | C64: =_xlfn.XLOOKUP(B64, [1]sales_teams!$A$2:$A$100, [1]sales_teams!$B$2:$B$100) -> Dustin Brinkmann | D64: =_xlfn.XLOOKUP($B64,sales_teams!$A$2:$A$36,sales_teams!C$2:C$36) -> Central | E64: MG Advanced | F64: Cancity | G64: Lost | H64: 42694 | I64: 42802 | J64: 0
A65: MYDUMR3R | B65: Lajuana Vencill | C65: =_xlfn.XLOOKUP(B65, [1]sales_teams!$A$2:$A$100, [1]sales_teams!$B$2:$B$100) -> Dustin Brinkmann | D65: =_xlfn.XLOOKUP($B65,sales_teams!$A$2:$A$36,sales_teams!C$2:C$36) -> Central | E65: GTX Basic | F65: Rangreen | G65: Won | H65: 42694 | I65: 42798 | J65: 559
A66: 0DRC1U9Q | B66: Maureen Marcano | C66: =_xlfn.XLOOKUP(B66, [1]sales_teams!$A$2:$A$100, [1]sales_teams!$B$2:$B$100) -> Summer Sewald | D66: =_xlfn.XLOOKUP($B66,sales_teams!$A$2:$A$36,sales_teams!C$2:C$36) -> West | E66: GTX Basic | F66: Green-Plus | G66: Engaging | H66: 42694
A67: 37JFKD4I | B67: Niesha Huffines | C67: =_xlfn.XLOOKUP(B67, [1]sales_teams!$A$2:$A$100, [1]sales_teams!$B$2:$B$100) -> Melvin Marxen | D67: =_xlfn.XLOOKUP($B67,sales_teams!$A$2:$A$36,sales_teams!C$2:C$36) -> Central | E67: GTX Plus Basic | F67: dambase | G67: Won | H67: 42694 | I67: 42803 | J67: 1033
A68: 25YKPHX8 | B68: Donn Cantrell | C68: =_xlfn.XLOOKUP(B68, [1]sales_teams!$A$2:$A$100, [1]sales_teams!$B$2:$B$100) -> Rocco Neubert | D68: =_xlfn.XLOOKUP($B68,sales_teams!$A$2:$A$36,sales_teams!C$2:C$36) -> East | E68: GTX Basic | F68: Kan-code | G68: Won | H68: 42695 | I68: 42815 | J68: 462
A69: BXXMA7F3 | B69: Hayden Neloms | C69: =_xlfn.XLOOKUP(B69, [1]sales_teams!$A$2:$A$100, [1]sales_teams!$B$2:$B$100) -> Celia Rouche | D69: =_xlfn.XLOOKUP($B69,sales_teams!$A$2:$A$36,sales_teams!C$2:C$36) -> West | E69: MG Advanced | F69: Nam-zim | G69: Lost | H69: 42695 | I69: 42795 | J69: 0
A70: GIUUTBXM | B70: Kary Hendrixson | C70: =_xlfn.XLOOKUP(B70, [1]sales_teams!$A$2:$A$100, [1]sales_teams!$B$2:$B$100) -> Summer Sewald | D70: =_xlfn.XLOOKUP($B70,sales_teams!$A$2:$A$36,sales_teams!C$2:C$36) -> West | E70: GTXPro | F70: Y-corporation | G70: Won | H70: 42695 | I70: 42808 | J70: 5539
A71: MFX2LR1Q | B71: Lajuana Vencill | C71: =_xlfn.XLOOKUP(B71, [1]sales_teams!$A$2:$A$100, [1]sales_teams!$B$2:$B$100) -> Dustin Brinkmann | D71: =_xlfn.XLOOKUP($B71,sales_teams!$A$2:$A$36,sales_teams!C$2:C$36) -> Central | E71: MG Advanced | F71: Ron-tech | G71: Won | H71: 42695 | I71: 42809 | J71: 3573
A72: DUHE9FLY | B72: Marty Freudenburg | C72: =_xlfn.XLOOKUP(B72, [1]sales_teams!$A$2:$A$100, [1]sales_teams!$B$2:$B$100) -> Melvin Marxen | D72: =_xlfn.XLOOKUP($B72,sales_teams!$A$2:$A$36,sales_teams!C$2:C$36) -> Central | E72: GTXPro | F72: Conecom | G72: Won | H72: 42695 | I72: 42795 | J72: 4926
A73: 96BSG7R1 | B73: Zane Levy | C73: =_xlfn.XLOOKUP(B73, [1]sales_teams!$A$2:$A$100, [1]sales_teams!$B$2:$B$100) -> Summer Sewald | D73: =_xlfn.XLOOKUP($B73,sales_teams!$A$2:$A$36,sales_teams!C$2:C$36) -> West | E73: GTX Plus Basic | F73: Sunnamplex | G73: Lost | H73: 42695 | I73: 42811 | J73: 0
A74: 7FQMSWIX | B74: Corliss Cosme | C74: =_xlfn.XLOOKUP(B74, [1]sales_teams!$A$2:$A$100, [1]sales_teams!$B$2:$B$100) -> Cara Losch | D74: =_xlfn.XLOOKUP($B74,sales_teams!$A$2:$A$36,sales_teams!C$2:C$36) -> East | E74: MG Special | F74: Bioplex | G74: Won | H74: 42696 | I74: 42798 | J74: 62
A75: C20AVXN7 | B75: Darcel Schlecht | C75: =_xlfn.XLOOKUP(B75, [1]sales_teams!$A$2:$A$100, [1]sales_teams!$B$2:$B$100) -> Melvin Marxen | D75: =_xlfn.XLOOKUP($B75,sales_teams!$A$2:$A$36,sales_teams!C$2:C$36) -> Central | E75: GTXPro | F75: Gogozoom | G75: Won | H75: 42696 | I75: 42808 | J75: 4359
A76: GS1QVWCR | B76: Kami Bicknell | C76: =_xlfn.XLOOKUP(B76, [1]sales_teams!$A$2:$A$100, [1]sales_teams!$B$2:$B$100) -> Summer Sewald | D76: =_xlfn.XLOOKUP($B76,sales_teams!$A$2:$A$36,sales_teams!C$2:C$36) -> West | E76: GTX Basic | F76: Plusstrip | G76: Won | H76: 42696 | I76: 42825 | J76: 566
A77: ZWH8FXY3 | B77: Marty Freudenburg | C77: =_xlfn.XLOOKUP(B77, [1]sales_teams!$A$2:$A$100, [1]sales_teams!$B$2:$B$100) -> Melvin Marxen | D77: =_xlfn.XLOOKUP($B77,sales_teams!$A$2:$A$36,sales_teams!C$2:C$36) -> Central | E77: GTX Basic | F77: Toughzap | G77: Won | H77: 42696 | I77: 42797 | J77: 508
A78: 2U94Y3Q9 | B78: Rosie Papadopoulos | C78: =_xlfn.XLOOKUP(B78, [1]sales_teams!$A$2:$A$100, [1]sales_teams!$B$2:$B$100) -> Cara Losch | D78: =_xlfn.XLOOKUP($B78,sales_teams!$A$2:$A$36,sales_teams!C$2:C$36) -> East | E78: MG Advanced | F78: Vehement Capital Partners | G78: Lost | H78: 42696 | I78: 42814 | J78: 0
... A80: B6B0PNR2 | B80: Vicki Laflamme | C80: =_xlfn.XLOOKUP(B80, [1]sales_teams!$A$2:$A$100, [1]sales_teams!$B$2:$B$100) -> Celia Rouche | D80: =_xlfn.XLOOKUP($B80,sales_teams!$A$2:$A$36,sales_teams!C$2:C$36) -> West | E80: GTXPro | F80: Dalttechnology | G80: Won | H80: 42696 | I80: 42799 | J80: 4899
A81: M7I5O9YU | B81: Corliss Cosme | C81: =_xlfn.XLOOKUP(B81, [1]sales_teams!$A$2:$A$100, [1]sales_teams!$B$2:$B$100) -> Cara Losch | D81: =_xlfn.XLOOKUP($B81,sales_teams!$A$2:$A$36,sales_teams!C$2:C$36) -> East | E81: GTX Basic | F81: Cheers | G81: Engaging | H81: 42697
A82: LXZA2OSZ | B82: Corliss Cosme | C82: =_xlfn.XLOOKUP(B82, [1]sales_teams!$A$2:$A$100, [1]sales_teams!$B$2:$B$100) -> Cara Losch | D82: =_xlfn.XLOOKUP($B82,sales_teams!$A$2:$A$36,sales_teams!C$2:C$36) -> East | E82: GTX Plus Pro | F82: Ontomedia | G82: Won | H82: 42697 | I82: 42797 | J82: 5790
A83: N0ONCYVZ | B83: Donn Cantrell | C83: =_xlfn.XLOOKUP(B83, [1]sales_teams!$A$2:$A$100, [1]sales_teams!$B$2:$B$100) -> Rocco Neubert | D83: =_xlfn.XLOOKUP($B83,sales_teams!$A$2:$A$36,sales_teams!C$2:C$36) -> East | E83: MG Special | F83: Kinnamplus | G83: Lost | H83: 42697 | I83: 42824 | J83: 0
A84: GYB4W2AU | B84: Elease Gluck | C84: =_xlfn.XLOOKUP(B84, [1]sales_teams!$A$2:$A$100, [1]sales_teams!$B$2:$B$100) -> Celia Rouche | D84: =_xlfn.XLOOKUP($B84,sales_teams!$A$2:$A$36,sales_teams!C$2:C$36) -> West | E84: MG Advanced | G84: Engaging | H84: 42697
A85: 513DPFX5 | B85: Gladys Colclough | C85: =_xlfn.XLOOKUP(B85, [1]sales_teams!$A$2:$A$100, [1]sales_teams!$B$2:$B$100) -> Melvin Marxen | D85: =_xlfn.XLOOKUP($B85,sales_teams!$A$2:$A$36,sales_teams!C$2:C$36) -> Central | E85: GTXPro | F85: Codehow | G85: Won | H85: 42697 | I85: 42797 | J85: 4438
A86: RU023K5W | B86: Gladys Colclough | C86: =_xlfn.XLOOKUP(B86, [1]sales_teams!$A$2:$A$100, [1]sales_teams!$B$2:$B$100) -> Melvin Marxen | D86: =_xlfn.XLOOKUP($B86,sales_teams!$A$2:$A$36,sales_teams!C$2:C$36) -> Central | E86: MG Advanced | F86: Finhigh | G86: Won | H86: 42697 | I86: 42811 | J86: 2972
A87: VDIU10RV | B87: Markita Hansen | C87: =_xlfn.XLOOKUP(B87, [1]sales_teams!$A$2:$A$100, [1]sales_teams!$B$2:$B$100) -> Celia Rouche | D87: =_xlfn.XLOOKUP($B87,sales_teams!$A$2:$A$36,sales_teams!C$2:C$36) -> West | E87: MG Special | F87: Lexiqvolax | G87: Engaging | H87: 42697
A88: BZCBQ514 | B88: Markita Hansen | C88: =_xlfn.XLOOKUP(B88, [1]sales_teams!$A$2:$A$100, [1]sales_teams!$B$2:$B$100) -> Celia Rouche | D88: =_xlfn.XLOOKUP($B88,sales_teams!$A$2:$A$36,sales_teams!C$2:C$36) -> West | E88: GTX Basic | F88: Y-corporation | G88: Won | H88: 42697 | I88: 42795 | J88: 523
A89: HEE6P0QH | B89: Anna Snelling | C89: =_xlfn.XLOOKUP(B89, [1]sales_teams!$A$2:$A$100, [1]sales_teams!$B$2:$B$100) -> Dustin Brinkmann | D89: =_xlfn.XLOOKUP($B89,sales_teams!$A$2:$A$36,sales_teams!C$2:C$36) -> Central | E89: MG Advanced | F89: Statholdings | G89: Won | H89: 42698 | I89: 42819 | J89: 3647
A90: L8CHRJ2B | B90: Cassey Cress | C90: =_xlfn.XLOOKUP(B90, [1]sales_teams!$A$2:$A$100, [1]sales_teams!$B$2:$B$100) -> Rocco Neubert | D90: =_xlfn.XLOOKUP($B90,sales_teams!$A$2:$A$36,sales_teams!C$2:C$36) -> East | E90: MG Advanced | F90: Umbrella Corporation | G90: Won | H90: 42698 | I90: 42795 | J90: 4200
A91: 579LZ3F9 | B91: Daniell Hammack | C91: =_xlfn.XLOOKUP(B91, [1]sales_teams!$A$2:$A$100, [1]sales_teams!$B$2:$B$100) -> Rocco Neubert | D91: =_xlfn.XLOOKUP($B91,sales_teams!$A$2:$A$36,sales_teams!C$2:C$36) -> East | E91: GTX Plus Basic | F91: J-Texon | G91: Engaging | H91: 42698
A92: SU8JNMP4 | B92: Kami Bicknell | C92: =_xlfn.XLOOKUP(B92, [1]sales_teams!$A$2:$A$100, [1]sales_teams!$B$2:$B$100) -> Summer Sewald | D92: =_xlfn.XLOOKUP($B92,sales_teams!$A$2:$A$36,sales_teams!C$2:C$36) -> West | E92: GTX Plus Basic | F92: Bubba Gump | G92: Engaging | H92: 42698
A93: V2X2KMUR | B93: Kami Bicknell | C93: =_xlfn.XLOOKUP(B93, [1]sales_teams!$A$2:$A$100, [1]sales_teams!$B$2:$B$100) -> Summer Sewald | D93: =_xlfn.XLOOKUP($B93,sales_teams!$A$2:$A$36,sales_teams!C$2:C$36) -> West | E93: GTX Plus Basic | F93: Faxquote | G93: Won | H93: 42698 | I93: 42822 | J93: 1059
A94: AJIPJP75 | B94: Marty Freudenburg | C94: =_xlfn.XLOOKUP(B94, [1]sales_teams!$A$2:$A$100, [1]sales_teams!$B$2:$B$100) -> Melvin Marxen | D94: =_xlfn.XLOOKUP($B94,sales_teams!$A$2:$A$36,sales_teams!C$2:C$36) -> Central | E94: GTX Plus Basic | F94: Codehow | G94: Lost | H94: 42698 | I94: 42799 | J94: 0
A95: NYVA2G6U | B95: Versie Hillebrand | C95: =_xlfn.XLOOKUP(B95, [1]sales_teams!$A$2:$A$100, [1]sales_teams!$B$2:$B$100) -> Dustin Brinkmann | D95: =_xlfn.XLOOKUP($B95,sales_teams!$A$2:$A$36,sales_teams!C$2:C$36) -> Central | E95: MG Special | F95: Dontechi | G95: Won | H95: 42698 | I95: 42796 | J95: 57
A96: FF45BXTL | B96: Vicki Laflamme | C96: =_xlfn.XLOOKUP(B96, [1]sales_teams!$A$2:$A$100, [1]sales_teams!$B$2:$B$100) -> Celia Rouche | D96: =_xlfn.XLOOKUP($B96,sales_teams!$A$2:$A$36,sales_teams!C$2:C$36) -> West | E96: MG Advanced | F96: Konex | G96: Won | H96: 42698 | I96: 42821 | J96: 3671
A97: TTA9LYBS | B97: Anna Snelling | C97: =_xlfn.XLOOKUP(B97, [1]sales_teams!$A$2:$A$100, [1]sales_teams!$B$2:$B$100) -> Dustin Brinkmann | D97: =_xlfn.XLOOKUP($B97,sales_teams!$A$2:$A$36,sales_teams!C$2:C$36) -> Central | E97: MG Special | F97: Treequote | G97: Won | H97: 42699 | I97: 42795 | J97: 58
A98: PAGZQH8L | B98: Cecily Lampkin | C98: =_xlfn.XLOOKUP(B98, [1]sales_teams!$A$2:$A$100, [1]sales_teams!$B$2:$B$100) -> Dustin Brinkmann | D98: =_xlfn.XLOOKUP($B98,sales_teams!$A$2:$A$36,sales_teams!C$2:C$36) -> Central | E98: MG Advanced | F98: Treequote | G98: Won | H98: 42699 | I98: 42800 | J98: 3956
A99: J7YF6DS7 | B99: Corliss Cosme | C99: =_xlfn.XLOOKUP(B99, [1]sales_teams!$A$2:$A$100, [1]sales_teams!$B$2:$B$100) -> Cara Losch | D99: =_xlfn.XLOOKUP($B99,sales_teams!$A$2:$A$36,sales_teams!C$2:C$36) -> East | E99: GTX Plus Pro | F99: Betasoloin | G99: Won | H99: 42699 | I99: 42795 | J99: 5964
A100: S5IXY4Z9 | B100: Corliss Cosme | C100: =_xlfn.XLOOKUP(B100, [1]sales_teams!$A$2:$A$100, [1]sales_teams!$B$2:$B$100) -> Cara Losch | D100: =_xlfn.XLOOKUP($B100,sales_teams!$A$2:$A$36,sales_teams!C$2:C$36) -> East | E100: GTXPro | F100: Betasoloin | G100: Won | H100: 42699 | I100: 42800 | J100: 4570
A101: JQBJMETQ | B101: Darcel Schlecht | C101: =_xlfn.XLOOKUP(B101, [1]sales_teams!$A$2:$A$100, [1]sales_teams!$B$2:$B$100) -> Melvin Marxen | D101: =_xlfn.XLOOKUP($B101,sales_teams!$A$2:$A$36,sales_teams!C$2:C$36) -> Central | E101: MG Special | F101: Domzoom | G101: Won | H101: 42699 | I101: 42821 | J101: 49
A102: 0LVWSWEW | B102: Violet Mclelland | C102: =_xlfn.XLOOKUP(B102, [1]sales_teams!$A$2:$A$100, [1]sales_teams!$B$2:$B$100) -> Cara Losch | D102: =_xlfn.XLOOKUP($B102,sales_teams!$A$2:$A$36,sales_teams!C$2:C$36) -> East | E102: MG Special | F102: Donquadtech | G102: Won | H102: 42699 | I102: 42800 | J102: 65
A103: K53BC1T9 | B103: Anna Snelling | C103: =_xlfn.XLOOKUP(B103, [1]sales_teams!$A$2:$A$100, [1]sales_teams!$B$2:$B$100) -> Dustin Brinkmann | D103: =_xlfn.XLOOKUP($B103,sales_teams!$A$2:$A$36,sales_teams!C$2:C$36) -> Central | E103: MG Special | F103: Domzoom | G103: Lost | H103: 42700 | I103: 42821 | J103: 0
A104: D40N5I9Y | B104: Darcel Schlecht | C104: =_xlfn.XLOOKUP(B104, [1]sales_teams!$A$2:$A$100, [1]sales_teams!$B$2:$B$100) -> Melvin Marxen | D104: =_xlfn.XLOOKUP($B104,sales_teams!$A$2:$A$36,sales_teams!C$2:C$36) -> Central | E104: GTXPro | F104: Finhigh | G104: Won | H104: 42700 | I104: 42802 | J104: 4739
... A108: UK0LEZRJ | B108: Kary Hendrixson | C108: =_xlfn.XLOOKUP(B108, [1]sales_teams!$A$2:$A$100, [1]sales_teams!$B$2:$B$100) -> Summer Sewald | D108: =_xlfn.XLOOKUP($B108,sales_teams!$A$2:$A$36,sales_teams!C$2:C$36) -> West | E108: GTX Basic | F108: Condax | G108: Won | H108: 42701 | I108: 42797 | J108: 532
A109: PFFHM7HR | B109: Markita Hansen | C109: =_xlfn.XLOOKUP(B109, [1]sales_teams!$A$2:$A$100, [1]sales_teams!$B$2:$B$100) -> Celia Rouche | D109: =_xlfn.XLOOKUP($B109,sales_teams!$A$2:$A$36,sales_teams!C$2:C$36) -> West | E109: MG Advanced | F109: Opentech | G109: Engaging | H109: 42701
...

Sheet sales_teams
A1: sales_agent | B1: manager | C1: regional_office
A2: Anna Snelling | B2: Dustin Brinkmann | C2: Central
A3: Cecily Lampkin | B3: Dustin Brinkmann | C3: Central
A4: Versie Hillebrand | B4: Dustin Brinkmann | C4: Central
A5: Lajuana Vencill | B5: Dustin Brinkmann | C5: Central
A6: Moses Frase | B6: Dustin Brinkmann | C6: Central
A7: Jonathan Berthelot | B7: Melvin Marxen | C7: Central
A8: Marty Freudenburg | B8: Melvin Marxen | C8: Central
A9: Gladys Colclough | B9: Melvin Marxen | C9: Central
A10: Niesha Huffines | B10: Melvin Marxen | C10: Central
A11: Darcel Schlecht | B11: Melvin Marxen | C11: Central
A12: Mei-Mei Johns | B12: Melvin Marxen | C12: Central
... A36: Carl Lin | B36: Summer Sewald | C36: West
